Name,Email,Rating
test123,test@gmail.com,5.0
test123,test@gmail.com,5.0
test123,test@gmail.com,5.0
test123,test@gmail.com,5.0
test123,test@gmail.com,5.0
test123,test@gmail.com,5.0
test123,test@gmail.com,5.0
test123,test@gmail.com,5.0
test123,test@gmail.com,5.0
test123,test@gmail.com,5.0
test123,test@gmail.com,5.0
test123,test@gmail.com,5.0
test123,test@gmail.com,5.0
test123,test@gmail.com,5.0
test123,test@gmail.com,5.0
test123,test@gmail.com,5.0
test123,test@gmail.com,5.0
test123,test@gmail.com,4.03
